,Feature,Feature_Importance
0,P_2_mean,1037.0099420592082
1,P_2_std,809.0003400041896
2,P_2_min,1116.0006982608143
3,P_2_max,960.0003506140783
4,P_2_last,1562.8299488841037
5,D_39_mean,950.0005721001756
6,D_39_std,968.0013815653815
7,D_39_min,1055.000336208177
8,D_39_max,1025.0009284395715
9,D_39_last,1401.005175217279
10,R_1_mean,1024.0015010625973
11,R_1_std,840.0004876771127
12,R_1_min,1107.000441581141
13,R_1_max,751.0030165980636
14,R_1_last,1523.0042787879229
15,S_3_mean,757.0099193430583
16,S_3_std,629.0003749012249
17,S_3_min,832.0006021970224
18,S_3_max,749.0033517941291
19,S_3_last,1013.0073742250876
20,D_41_mean,1026.0006243246098
21,D_41_std,875.0004597460211
22,D_41_min,1015.0003616109025
23,D_41_max,805.0004425151856
24,D_41_last,1131.0013955695954
25,B_3_mean,668.0004627529997
26,B_3_std,956.000782533607
27,B_3_min,924.0003706667048
28,B_3_max,647.0016676021464
29,B_3_last,1121.0095424745507
30,D_43_mean,1069.0016603245556
31,D_43_std,627.0005244035856
32,D_43_min,860.0004690660571
33,D_43_max,757.0005627225037
34,D_43_last,825.0014818491389
35,D_44_mean,1003.0124165853736
36,D_44_std,795.0009040646628
37,D_44_min,1007.0003543016501
38,D_44_max,837.0008163914317
39,D_44_last,1197.0016038680305
40,B_4_mean,884.0004091664741
41,B_4_std,942.0025848676431
42,B_4_min,363.0004152691108
43,B_4_max,825.0008402976091
44,B_4_last,718.0012042053277
45,D_45_mean,603.002533844072
46,D_45_std,942.0003966187651
47,D_45_min,791.0008695897807
48,D_45_max,658.0044629519535
49,D_45_last,566.0019496816712
50,B_5_mean,904.0008415549033
51,B_5_std,552.00037763
52,B_5_min,1009.0005334174884
53,B_5_max,862.0006937748984
54,B_5_last,1095.0046279507483
55,R_2_mean,54.000412551657064
56,R_2_std,63.00027365674032
57,R_2_min,0.0
58,R_2_max,9.00249611446634
59,R_2_last,57.0110566271469
60,D_46_mean,878.0005997263927
61,D_46_std,606.0004526561706
62,D_46_min,889.0006859122377
63,D_46_max,773.000449153391
64,D_46_last,870.0007945639488
65,D_47_mean,1052.0004077476042
66,D_47_std,923.0003811141942
67,D_47_min,835.0005306037492
68,D_47_max,920.0006547422381
69,D_47_last,1010.0008114392656
70,D_48_mean,764.0012887389496
71,D_48_std,720.0004516371991
72,D_48_min,1101.000470249186
73,D_48_max,937.0006571262888
74,D_48_last,1259.0012971906256
75,D_49_mean,251.00079459657945
76,D_49_std,253.00102822372088
77,D_49_min,73.00063557777321
78,D_49_max,217.00115373556037
79,D_49_last,253.00237400632415
80,B_6_mean,604.0003453867629
81,B_6_std,622.0003929304075
82,B_6_min,595.0006209711692
83,B_6_max,650.0005376503104
84,B_6_last,738.0005605579214
85,B_8_mean,76.0012650936842
86,B_8_std,72.00047199687106
87,B_8_min,23.000387017265894
88,B_8_max,11.00061176205054
89,B_8_last,9.0
90,D_50_mean,491.00065007470266
91,D_50_std,366.0005977920373
92,D_50_min,388.00052877472035
93,D_50_max,492.0010208279284
94,D_50_last,485.000601132866
95,D_51_mean,386.0011239479063
96,D_51_std,146.00041411805432
97,D_51_min,22.000622382038273
98,D_51_max,44.00048618649551
99,D_51_last,54.00096740771551
100,B_9_mean,929.0003928951337
101,B_9_std,765.0006834159427
102,B_9_min,941.0004130661255
103,B_9_max,787.0006382785629
104,B_9_last,1075.004466193869
105,R_3_mean,703.0074377991759
106,R_3_std,771.0005212742253
107,R_3_min,87.0004832034756
108,R_3_max,312.00114475890695
109,R_3_last,245.00127388352587
110,D_52_mean,899.0005123146268
111,D_52_std,1044.0003970392572
112,D_52_min,968.0006713989649
113,D_52_max,852.0006274433154
114,D_52_last,1054.000683982553
115,P_3_mean,1130.000587397525
116,P_3_std,788.0004658713005
117,P_3_min,847.0007828595587
118,P_3_max,754.0005211971002
119,P_3_last,1041.0004118600336
120,B_10_mean,774.0005212631077
121,B_10_std,650.0004668052425
122,B_10_min,990.0005113978405
123,B_10_max,571.0006947336564
124,B_10_last,954.0022885252242
125,D_53_mean,403.00040331622586
126,D_53_std,225.0004889589618
127,D_53_min,448.0004205185978
128,D_53_max,264.00045279585174
129,D_53_last,554.0006008328653
130,S_5_mean,959.0006045177458
131,S_5_std,723.0004344072368
132,S_5_min,1051.0004284970055
133,S_5_max,798.0005466360599
134,S_5_last,1148.0004969332367
135,S_6_mean,124.00042422150727
136,S_6_std,141.0004197943199
137,S_6_min,2.000055451208027
138,S_6_max,3.0
139,S_6_last,5.00027288380079
140,D_54_mean,168.00040264666313
141,D_54_std,869.0004155431816
142,D_54_min,162.00056459213374
143,D_54_max,135.00051977933617
144,D_54_last,446.0009820436084
145,R_4_mean,16.00031902792398
146,R_4_std,17.000307390728267
147,R_4_min,0.0
148,R_4_max,0.0
149,R_4_last,15.000709573272616
150,S_7_mean,705.0009587884729
151,S_7_std,704.0004895889872
152,S_7_min,734.0004533328174
153,S_7_max,722.0006999065517
154,S_7_last,775.0008853356611
155,B_12_mean,757.000944233382
156,B_12_std,698.0006866066143
157,B_12_min,872.0004383319756
158,B_12_max,754.0010073466922
159,B_12_last,680.0004711732618
160,S_8_mean,713.001138816246
161,S_8_std,934.0004601852852
162,S_8_min,812.0004680440761
163,S_8_max,1046.0010197840488
164,S_8_last,991.0009308562455
165,D_56_mean,472.00075464350175
166,D_56_std,284.00047973700566
167,D_56_min,393.00058771175316
168,D_56_max,379.0006252077292
169,D_56_last,403.00065288931364
170,B_13_mean,541.0005144254336
171,B_13_std,792.0004363527987
172,B_13_min,660.0004133256443
173,B_13_max,615.000488476886
174,B_13_last,770.0004322639725
175,R_5_mean,804.0005267874739
176,R_5_std,596.0004433082067
177,R_5_min,1192.0004127651919
178,R_5_max,965.0004415208241
179,R_5_last,1268.0006480491718
180,S_9_mean,936.0005967396978
181,S_9_std,584.0004805220524
182,S_9_min,713.0004967894056
183,S_9_max,336.0005545656895
184,S_9_last,676.0004992836621
185,D_59_mean,817.0004368419177
186,D_59_std,557.0005811360315
187,D_59_min,295.0004558679617
188,D_59_max,379.00071466126246
189,D_59_last,396.00069501159004
190,D_60_mean,824.000614076148
191,D_60_std,798.0004501528747
192,D_60_min,962.0004723802849
193,D_60_max,720.0004778844304
194,D_60_last,894.0005494171637
195,B_15_mean,944.0004496292095
196,B_15_std,646.0004720182578
197,B_15_min,988.0004255139793
198,B_15_max,928.0005096488749
199,B_15_last,931.0004582566617
200,S_11_mean,990.0005676362198
201,S_11_std,948.0004400359467
202,S_11_min,1012.0004840416659
203,S_11_max,963.0005824036198
204,S_11_last,970.000497625384
205,D_65_mean,223.00158376824152
206,D_65_std,186.00133697092429
207,D_65_min,0.0004392748815007508
208,D_65_max,193.00113439711276
209,D_65_last,89.00139818322336
210,B_17_mean,685.0004301892186
211,B_17_std,501.0004284189781
212,B_17_min,729.000437773153
213,B_17_max,231.0003843997838
214,B_17_last,573.0004639561521
215,B_19_mean,776.0004128853034
216,B_19_std,898.000405902334
217,B_19_min,959.000448680541
218,B_19_max,870.0005240280298
219,B_19_last,867.0005690417665
220,B_20_mean,204.0004513435706
221,B_20_std,475.0004110492591
222,B_20_min,70.00064366974402
223,B_20_max,90.00054126069881
224,B_20_last,97.00049992551794
225,S_12_mean,920.0006255784323
226,S_12_std,826.000479128852
227,S_12_min,890.0004498546467
228,S_12_max,982.0005419505305
229,S_12_last,1108.0005118549832
230,R_6_mean,952.0004823445634
231,R_6_std,860.0004597951192
232,R_6_min,1062.0004027131072
233,R_6_max,943.0004674563534
234,R_6_last,1241.0004359933955
235,S_13_mean,669.0004667882749
236,S_13_std,682.0006015290622
237,S_13_min,950.0004200240073
238,S_13_max,657.0004625098954
239,S_13_last,1052.0005860691742
240,B_21_mean,1163.0004831081023
241,B_21_std,796.0005244282074
242,B_21_min,928.0005464877984
243,B_21_max,1127.0004663479049
244,B_21_last,985.000453320652
245,D_69_mean,1054.0004503271193
246,D_69_std,783.0004613727215
247,D_69_min,1120.000475502835
248,D_69_max,920.0004501882358
249,D_69_last,976.0004184875579
250,B_22_mean,227.00061381660635
251,B_22_std,211.00048943667207
252,B_22_min,18.000251544523053
253,B_22_max,20.000333816249622
254,B_22_last,65.00157850037795
255,D_70_mean,652.0004636773083
256,D_70_std,536.000527122058
257,D_70_min,55.000463694974314
258,D_70_max,92.0003715097555
259,D_70_last,71.00050593708875
260,D_71_mean,969.0004199027608
261,D_71_std,817.0004624145222
262,D_71_min,1051.000627001266
263,D_71_max,811.0004866210802
264,D_71_last,1161.0005405905758
265,D_72_mean,144.00040187884588
266,D_72_std,95.0003891827946
267,D_72_min,12.000279440748272
268,D_72_max,32.0003833444207
269,D_72_last,20.000523553637322
270,S_15_mean,775.0007253239746
271,S_15_std,738.0006144718365
272,S_15_min,173.00046290585306
273,S_15_max,275.00045398334623
274,S_15_last,224.00047903385712
275,B_23_mean,494.00095442955245
276,B_23_std,922.0006139957632
277,B_23_min,867.0005237227306
278,B_23_max,863.0006076328573
279,B_23_last,827.0020628056565
280,P_4_mean,936.000521891616
281,P_4_std,847.0004312747915
282,P_4_min,1008.0004647203896
283,P_4_max,1052.0004441824276
284,P_4_last,889.0004261325812
285,D_75_mean,869.0005469894386
286,D_75_std,602.0011293429284
287,D_75_min,174.00037340004928
288,D_75_max,216.00044743559556
289,D_75_last,195.00046379491687
290,B_24_mean,1023.0004348861403
291,B_24_std,862.0004488972772
292,B_24_min,1046.0004397678422
293,B_24_max,882.0004533904721
294,B_24_last,1459.0004638166865
295,R_7_mean,863.0004390673004
296,R_7_std,833.0004380268801
297,R_7_min,1158.0004355222918
298,R_7_max,1028.0004970309092
299,R_7_last,1175.0004216571106
300,D_77_mean,789.0006092629628
301,D_77_std,532.0004485170172
302,D_77_min,651.000909599024
303,D_77_max,368.0008927970772
304,D_77_last,463.0005704800715
305,B_25_mean,655.0004274351522
306,B_25_std,606.0004539976362
307,B_25_min,948.0004555451451
308,B_25_max,626.0004988086293
309,B_25_last,779.0005534443189
310,B_26_mean,982.0005971172941
311,B_26_std,832.0004593890626
312,B_26_min,1068.0006815809659
313,B_26_max,709.0006145943189
314,B_26_last,1098.0030615004036
315,D_78_mean,264.0004528137215
316,D_78_std,235.00046728167217
317,D_78_min,11.000390805507777
318,D_78_max,61.00028604466934
319,D_78_last,36.00062889972469
320,R_8_mean,25.00035532892798
321,R_8_std,32.000447770929895
322,R_8_min,0.0
323,R_8_max,10.000460791838123
324,R_8_last,9.000531701138243
325,S_16_mean,964.000466121739
326,S_16_std,832.000465114601
327,S_16_min,1072.0004510139115
328,S_16_max,852.0004714492243
329,S_16_last,1310.0004270368372
330,D_80_mean,365.00044185100705
331,D_80_std,307.00045385662816
332,D_80_min,34.000284969224595
333,D_80_max,93.00030925424653
334,D_80_last,74.00040288569289
335,R_10_mean,127.00044931392767
336,R_10_std,172.0004864386574
337,R_10_min,0.0
338,R_10_max,17.00045025991858
339,R_10_last,23.00031588796992
340,R_11_mean,349.0008096860256
341,R_11_std,352.0008570959982
342,R_11_min,4.000745769706555
343,R_11_max,38.0007620502729
344,R_11_last,54.00108150287997
345,B_27_mean,1022.0005184684001
346,B_27_std,747.0004288917407
347,B_27_min,1122.000431768276
348,B_27_max,1059.0004270926001
349,B_27_last,1235.0005091448954
350,D_81_mean,75.00032915343763
351,D_81_std,71.00047576663201
352,D_81_min,8.000391669891542
353,D_81_max,8.001003276207484
354,D_81_last,4.000155333065777
355,D_82_mean,140.00036011007614
356,D_82_std,223.00049242406385
357,D_82_min,111.00038307689829
358,D_82_max,57.00033296554466
359,D_82_last,196.00039706137613
360,S_17_mean,904.0004090446746
361,S_17_std,831.0004263779556
362,S_17_min,1117.0006310885885
363,S_17_max,880.0004574819759
364,S_17_last,1144.0005381056951
365,R_12_mean,133.00042798777577
366,R_12_std,1022.0004655668454
367,R_12_min,155.0004148586304
368,R_12_max,81.00047161438852
369,R_12_last,345.00040520998255
370,B_28_mean,698.0005459355307
371,B_28_std,587.0007938232264
372,B_28_min,755.0005093821092
373,B_28_max,663.0006146629263
374,B_28_last,634.0007122051401
375,R_13_mean,9.000453737477073
376,R_13_std,14.0
377,R_13_min,0.0
378,R_13_max,3.0003225010586902
379,R_13_last,1.0
380,D_83_mean,116.00052433169913
381,D_83_std,122.00048033491476
382,D_83_min,6.000423384306487
383,D_83_max,27.00017619127175
384,D_83_last,28.000634718628135
385,R_14_mean,1034.0004348099756
386,R_14_std,959.0004642693675
387,R_14_min,1244.0005287450686
388,R_14_max,913.0004345276102
389,R_14_last,1376.000401965488
390,R_15_mean,1069.0004480283824
391,R_15_std,787.0004620110267
392,R_15_min,920.0005093444881
393,R_15_max,873.0006138254279
394,R_15_last,1126.0004171285545
395,D_84_mean,104.00055911473464
396,D_84_std,83.00045291794231
397,D_84_min,0.0
398,D_84_max,11.000110837041575
399,D_84_last,11.000354848336428
400,R_16_mean,187.00081342763892
401,R_16_std,347.00061283377
402,R_16_min,2.001134815554591
403,R_16_max,33.00070708518615
404,R_16_last,30.000552490644623
405,S_18_mean,22.000437664159108
406,S_18_std,28.000432612519944
407,S_18_min,0.0
408,S_18_max,8.138210250763223e-05
409,S_18_last,0.0
410,D_86_mean,6.0003622333169915
411,D_86_std,1.0002134100941475
412,D_86_min,0.0
413,D_86_max,0.00031492955167777836
414,D_86_last,0.0006306404247879982
415,R_17_mean,8.000275284051895
416,R_17_std,9.000503626302816
417,R_17_min,0.0
418,R_17_max,0.0
419,R_17_last,0.0002593276440165937
420,R_18_mean,0.0
421,R_18_std,0.0
422,R_18_min,0.0
423,R_18_max,0.0
424,R_18_last,0.0
425,B_31_mean,6.000684066792019
426,B_31_std,5.00081243616296
427,B_31_min,1.0
428,B_31_max,0.0
429,B_31_last,1.0
430,S_19_mean,1153.000448411447
431,S_19_std,1058.0006217023993
432,S_19_min,1160.000467057107
433,S_19_max,814.0004151647445
434,S_19_last,1260.0005307704857
435,R_19_mean,20.000377137068426
436,R_19_std,23.000250709883403
437,R_19_min,3.0
438,R_19_max,0.0
439,R_19_last,1.0005194348632358
440,B_32_mean,78.00050727615599
441,B_32_std,49.00047189151519
442,B_32_min,7.0
443,B_32_max,4.000248613010626
444,B_32_last,7.000666266656481
445,S_20_mean,24.00085820571985
446,S_20_std,44.000539946660865
447,S_20_min,1.0
448,S_20_max,3.0002386824489804
449,S_20_last,0.0
450,R_20_mean,17.000511288060807
451,R_20_std,31.00046479512821
452,R_20_min,0.0
453,R_20_max,8.000441316369688
454,R_20_last,5.0
455,R_21_mean,22.001547927930133
456,R_21_std,33.00035532892798
457,R_21_min,0.0
458,R_21_max,0.0
459,R_21_last,0.0
460,B_33_mean,126.00130702962633
461,B_33_std,154.00036532088416
462,B_33_min,5.0
463,B_33_max,1.000549940217752
464,B_33_last,16.00321164028719
465,D_89_mean,34.000243565038545
466,D_89_std,38.00086032116087
467,D_89_min,0.0
468,D_89_max,3.0002292313729413
469,D_89_last,1.0
470,R_22_mean,22.000237338317625
471,R_22_std,18.000169295468368
472,R_22_min,0.0
473,R_22_max,0.0
474,R_22_last,0.0
475,R_23_mean,0.0
476,R_23_std,0.0
477,R_23_min,0.0
478,R_23_max,0.0
479,R_23_last,0.0
480,D_91_mean,143.00093947618691
481,D_91_std,145.0004212022177
482,D_91_min,22.000562257133424
483,D_91_max,25.00050564232515
484,D_91_last,23.000576494028792
485,D_92_mean,24.00027302579838
486,D_92_std,41.00035024120007
487,D_92_min,0.0
488,D_92_max,1.0
489,D_92_last,3.0006981777842157
490,D_93_mean,10.000618523918092
491,D_93_std,4.0003559910692275
492,D_93_min,1.0002909924660344
493,D_93_max,2.000160305367899
494,D_93_last,0.0
495,D_94_mean,1.00039890705375
496,D_94_std,1.0008912569028325
497,D_94_min,0.0
498,D_94_max,0.0
499,D_94_last,0.0
500,R_24_mean,14.000395661219954
501,R_24_std,24.000291643373203
502,R_24_min,0.0
503,R_24_max,1.0
504,R_24_last,1.0001563154364703
505,R_25_mean,5.0003816298849415
506,R_25_std,12.0
507,R_25_min,0.0
508,R_25_max,0.0
509,R_25_last,1.0005268811364658
510,D_96_mean,22.000421083532274
511,D_96_std,21.00018082841416
512,D_96_min,0.0
513,D_96_max,7.0
514,D_96_last,1.0004558653745335
515,S_22_mean,691.0004567051365
516,S_22_std,830.0004691723734
517,S_22_min,820.0006075793931
518,S_22_max,1049.0004805879726
519,S_22_last,900.0005573914968
520,S_23_mean,862.0006213149754
521,S_23_std,942.0014402834638
522,S_23_min,720.0004144161067
523,S_23_max,564.000576007471
524,S_23_last,937.0013711094805
525,S_24_mean,804.000506722019
526,S_24_std,735.0004702469741
527,S_24_min,905.000510411628
528,S_24_max,757.0006424034174
529,S_24_last,873.0005789371207
530,S_25_mean,569.0004008627147
531,S_25_std,879.0013276677678
532,S_25_min,515.0004696642281
533,S_25_max,396.00050479732454
534,S_25_last,722.0004150404711
535,S_26_mean,1029.0005410091253
536,S_26_std,873.0005820431979
537,S_26_min,1125.0004626820155
538,S_26_max,1000.0008128472942
539,S_26_last,1057.0005288914545
540,D_102_mean,782.0004712365335
541,D_102_std,990.0004259684647
542,D_102_min,1307.0004242134455
543,D_102_max,882.000568945308
544,D_102_last,930.0005330221194
545,D_104_mean,950.000427280087
546,D_104_std,631.0004190645413
547,D_104_min,938.0004744594335
548,D_104_max,896.0004673650838
549,D_104_last,987.0004452292674
550,D_105_mean,639.0004485201498
551,D_105_std,422.000485426218
552,D_105_min,515.0004563198017
553,D_105_max,546.0004649728653
554,D_105_last,515.0004871822894
555,B_36_mean,1073.000679974964
556,B_36_std,854.000550548546
557,B_36_min,1103.000471794745
558,B_36_max,1039.0004996400094
559,B_36_last,1171.0007896369912
560,B_37_mean,888.000644405078
561,B_37_std,789.0005029151798
562,B_37_min,848.0005019997479
563,B_37_max,951.0005418309593
564,B_37_last,1178.120340215399
565,R_27_mean,279.0005312843714
566,R_27_std,900.0004436586751
567,R_27_min,230.00102567701515
568,R_27_max,269.0010750115616
569,R_27_last,406.000954763861
570,D_109_mean,918.0004004470829
571,D_109_std,868.0004382907646
572,D_109_min,1177.0004601237888
573,D_109_max,1266.0004427987442
574,D_109_last,1322.0005544330588
575,D_111_mean,33.00119468336925
576,D_111_std,28.00110358837992
577,D_111_min,0.0
578,D_111_max,10.0
579,D_111_last,18.001440407009795
580,D_112_mean,459.0005053161876
581,D_112_std,982.0005004917039
582,D_112_min,381.00088357307106
583,D_112_max,161.00041869081906
584,D_112_last,498.00080169949166
585,B_40_mean,632.0004887401592
586,B_40_std,796.0005450200406
587,B_40_min,841.0004583418195
588,B_40_max,859.0004855422594
589,B_40_last,823.0005200019805
590,S_27_mean,863.0004456827301
591,S_27_std,754.0005106806057
592,S_27_min,876.0004432465066
593,S_27_max,638.0004557384236
594,S_27_last,814.0004934978788
595,D_113_mean,992.0004907733528
596,D_113_std,796.0005315987114
597,D_113_min,973.0005012186593
598,D_113_max,836.0004700757854
599,D_113_last,1053.000477319787
600,D_119_mean,867.0005255766446
601,D_119_std,961.0004619134997
602,D_119_min,958.0005769887337
603,D_119_max,840.0006159669833
604,D_119_last,843.0005608772044
605,D_121_mean,873.0005191246164
606,D_121_std,682.000442673132
607,D_121_min,752.0005820397637
608,D_121_max,717.0004787745129
609,D_121_last,808.0005624799524
610,D_122_mean,508.00049597158795
611,D_122_std,311.00044094165787
612,D_122_min,97.00056146923453
613,D_122_max,139.00048905808944
614,D_122_last,118.00047689228086
615,D_123_mean,1218.000688430855
616,D_123_std,854.0005235745921
617,D_123_min,1005.0004726104391
618,D_123_max,806.0004877846513
619,D_123_last,1087.0004360923776
620,D_124_mean,704.0004335399426
621,D_124_std,251.00060028018197
622,D_124_min,266.0005228027003
623,D_124_max,359.0005963232252
624,D_124_last,333.00054907239974
625,D_125_mean,1005.0004474647285
626,D_125_std,670.000483849668
627,D_125_min,910.0004752865061
628,D_125_max,708.0005101329298
629,D_125_last,963.0004267037439
630,D_127_mean,1296.000575887415
631,D_127_std,843.0004744275063
632,D_127_min,1125.0003898869618
633,D_127_max,1149.000416454248
634,D_127_last,1043.0004611251643
635,D_128_mean,703.0006753294971
636,D_128_std,948.0004609416937
637,D_128_min,738.0005162158632
638,D_128_max,477.0008840233061
639,D_128_last,866.0005997409105
640,D_129_mean,801.0005916420487
641,D_129_std,922.0004585669958
642,D_129_min,760.000605397101
643,D_129_max,594.0008588653747
644,D_129_last,919.0005849624868
645,B_41_mean,896.0006452361479
646,B_41_std,893.000446256483
647,B_41_min,1019.0004680344427
648,B_41_max,972.000557794061
649,B_41_last,1156.0004886584356
650,D_130_mean,1137.000541455287
651,D_130_std,973.0005016908981
652,D_130_min,831.0004752640962
653,D_130_max,621.0005046477891
654,D_130_last,904.0008380265399
655,D_131_mean,1002.001836848525
656,D_131_std,777.0005723739159
657,D_131_min,892.0005207508802
658,D_131_max,709.0005363167729
659,D_131_last,1211.0007075153408
660,D_133_mean,970.000496425957
661,D_133_std,821.0005464251735
662,D_133_min,1022.0004441325145
663,D_133_max,1001.0004998770892
664,D_133_last,1001.0007028614585
665,R_28_mean,707.0004296329571
666,R_28_std,1106.0004920380889
667,R_28_min,1139.0004827738157
668,R_28_max,928.0004650381452
669,R_28_last,1203.0004589114687
670,D_140_mean,1119.000435823691
671,D_140_std,969.0004072352895
672,D_140_min,1026.000464314156
673,D_140_max,935.000420037919
674,D_140_last,1265.00048485148
675,D_143_mean,811.0004256017564
676,D_143_std,887.0004699625715
677,D_143_min,878.0004498117487
678,D_143_max,762.0004688360204
679,D_143_last,838.0004600878165
680,D_144_mean,1153.000458889088
681,D_144_std,819.000492788793
682,D_144_min,1208.0004426292144
683,D_144_max,980.0004915687023
684,D_144_last,1090.0005281831932
685,D_145_mean,773.0004731018271
686,D_145_std,714.000470253714
687,D_145_min,964.0004956149496
688,D_145_max,1008.0005049027386
689,D_145_last,967.00043842991
690,B_30_count,19.00041262761806
691,B_30_last,19.000837228260934
692,B_30_nunique,39.00026254061959
693,B_38_count,18.001002148841508
694,B_38_last,96.00049886084162
695,B_38_nunique,69.00045258752652
696,D_114_count,15.0
697,D_114_last,39.00047886176617
698,D_114_nunique,4.000428742147051
699,D_116_count,14.0
700,D_116_last,0.0
701,D_116_nunique,4.000154211069457
702,D_117_count,8.0
703,D_117_last,191.00064930920934
704,D_117_nunique,73.00043232829194
705,D_120_count,3.0
706,D_120_last,70.00139940949157
707,D_120_nunique,64.00052878959104
708,D_126_count,5.0
709,D_126_last,7.000432702247053
710,D_126_nunique,51.00035767664667
711,D_63_count,4.0
712,D_63_last,55.0007689211634
713,D_63_nunique,17.000343832361978
714,D_64_count,8.0
715,D_64_last,106.00087340094615
716,D_64_nunique,32.00051942287246
717,D_66_count,0.0
718,D_66_last,80.00101992243435
719,D_66_nunique,25.000528073811438
720,D_68_count,3.0
721,D_68_last,87.00046846686746
722,D_68_nunique,43.00041105426499
723,P_2_diff1,1166.00047593919
724,D_39_diff1,1115.0005094118533
725,R_1_diff1,850.0006925056177
726,S_3_diff1,1113.0004857555905
727,D_41_diff1,907.0006315277328
728,B_3_diff1,933.0005709385811
729,D_43_diff1,1029.000530670397
730,D_44_diff1,904.0005025251303
731,B_4_diff1,385.0004570611054
732,D_45_diff1,1143.0004582736583
733,B_5_diff1,975.000504768465
734,R_2_diff1,8.000637780933175
735,D_46_diff1,1057.0005664020869
736,D_47_diff1,886.0004311188823
737,D_48_diff1,1189.0006182574489
738,D_49_diff1,31.00045749376295
739,B_6_diff1,1099.000558658827
740,B_8_diff1,0.0
741,D_50_diff1,486.0005402902614
742,D_51_diff1,10.00037091874401
743,B_9_diff1,1022.0006808226342
744,R_3_diff1,108.00049188209232
745,D_52_diff1,1092.0004578042717
746,P_3_diff1,955.0005408496538
747,B_10_diff1,791.000482312782
748,D_53_diff1,438.0004827174125
749,S_5_diff1,885.0004626203736
750,S_6_diff1,12.000587252958212
751,D_54_diff1,524.0004188386956
752,R_4_diff1,3.0
753,S_7_diff1,845.0005041473196
754,B_12_diff1,985.000436000555
755,S_8_diff1,1221.0004344903864
756,D_56_diff1,379.0004904275993
757,B_13_diff1,981.0004292684898
758,R_5_diff1,1031.0004537510395
759,S_9_diff1,694.0005575258988
760,D_59_diff1,119.00044769636588
761,D_60_diff1,977.000435124326
762,B_15_diff1,827.0005114347898
763,S_11_diff1,979.0004365894129
764,D_65_diff1,106.00042129505891
765,B_17_diff1,800.0004724900646
766,B_19_diff1,1039.000494402775
767,B_20_diff1,106.00044025681564
768,S_12_diff1,1030.0004596967192
769,R_6_diff1,1004.0004730631481
770,S_13_diff1,996.00046592523
771,B_21_diff1,1183.0004446928506
772,D_69_diff1,942.0004448885738
773,B_22_diff1,34.00044131273171
774,D_70_diff1,48.00041239435086
775,D_71_diff1,1186.0005683776885
776,D_72_diff1,6.000284752750304
777,S_15_diff1,175.00042491441127
778,B_23_diff1,1030.0004698297125
779,P_4_diff1,1151.000457349728
780,D_75_diff1,57.00041446654359
781,B_24_diff1,977.000470949075
782,R_7_diff1,1166.0004381205072
783,D_77_diff1,615.0003913740802
784,B_25_diff1,799.0005995949846
785,B_26_diff1,867.0006499485276
786,D_78_diff1,21.000297856895486
787,R_8_diff1,6.000373853981728
788,S_16_diff1,1046.0004590293684
789,D_80_diff1,48.000428214261774
790,R_10_diff1,25.000302311382256
791,R_11_diff1,48.000564784393646
792,B_27_diff1,1202.0004637166276
793,D_81_diff1,0.00034924710053019226
794,D_82_diff1,277.00037262175465
795,S_17_diff1,936.0004204478173
796,R_12_diff1,480.0004274392559
797,B_28_diff1,1027.000475136214
798,R_13_diff1,1.0001937591005117
799,D_83_diff1,11.001043960102834
800,R_14_diff1,1133.0004620112595
801,R_15_diff1,1073.0004133630719
802,D_84_diff1,20.00029466772685
803,R_16_diff1,84.0004439749755
804,S_18_diff1,4.000398420263082
805,D_86_diff1,0.0
806,R_17_diff1,0.0001961647649295628
807,R_18_diff1,0.0
808,B_31_diff1,1.0002451316686347
809,S_19_diff1,1021.0004696400429
810,R_19_diff1,0.00019375116971787065
811,B_32_diff1,2.0002955304225907
812,S_20_diff1,0.0
813,R_20_diff1,4.000296504993457
814,R_21_diff1,1.0
815,B_33_diff1,19.000362084247172
816,D_89_diff1,0.000245884497417137
817,R_22_diff1,0.0
818,R_23_diff1,0.0
819,D_91_diff1,4.0001802995975595
820,D_92_diff1,0.0006540489848703146
821,D_93_diff1,0.0
822,D_94_diff1,0.0
823,R_24_diff1,2.0
824,R_25_diff1,4.0
825,D_96_diff1,0.0001815078576328233
826,S_22_diff1,845.0006089739429
827,S_23_diff1,942.0004893560545
828,S_24_diff1,1029.0004590411845
829,S_25_diff1,820.0004946168046
830,S_26_diff1,768.0004527235287
831,D_102_diff1,891.0004279168206
832,D_104_diff1,997.0004714218085
833,D_105_diff1,518.0004747653438
834,B_36_diff1,1196.0004509250866
835,B_37_diff1,981.0005559481215
836,R_27_diff1,676.0004275187966
837,D_109_diff1,1283.0005019998644
838,D_111_diff1,0.0
839,D_112_diff1,771.0004136528587
840,B_40_diff1,827.0004895990132
841,S_27_diff1,786.0004227370955
842,D_113_diff1,904.0004472752626
843,D_119_diff1,916.0004502907686
844,D_121_diff1,858.0004267781042
845,D_122_diff1,48.000424762693
846,D_123_diff1,976.0004502549127
847,D_124_diff1,43.000459104718175
848,D_125_diff1,959.0004978287034
849,D_127_diff1,953.000443681347
850,D_128_diff1,924.0004582875699
851,D_129_diff1,1328.0004384421627
852,B_41_diff1,1083.0004426072992
853,D_130_diff1,1100.0004208947066
854,D_131_diff1,1252.000453329034
855,D_133_diff1,854.000590870433
856,R_28_diff1,1173.0004584144626
857,D_140_diff1,1216.0004293965758
858,D_143_diff1,1211.0005712104016
859,D_144_diff1,869.0004275100946
860,D_145_diff1,1206.0005023062909
861,P_2_mean_round2,802.0067264437675
862,P_2_std_round2,250.00046844346798
863,P_2_min_round2,763.0004601635737
864,P_2_max_round2,750.0005533791264
865,P_2_last_round2,911.0742511674762
866,D_39_mean_round2,485.00059737614356
867,D_39_std_round2,452.000780827424
868,D_39_min_round2,75.00051297340542
869,D_39_max_round2,593.0016690181834
870,D_39_last_round2,562.0019842782162
871,R_1_mean_round2,423.00146449764725
872,R_1_std_round2,155.00048979005078
873,R_1_min_round2,14.0
874,R_1_max_round2,168.0004198846873
875,R_1_last_round2,171.0090112333277
876,S_3_mean_round2,441.00381626933813
877,S_3_std_round2,302.00057904521236
878,S_3_min_round2,373.0008420176455
879,S_3_max_round2,571.0009795267833
880,S_3_last_round2,493.0008111242787
881,D_41_mean_round2,231.0003717080399
882,D_41_std_round2,168.00071252213093
883,D_41_min_round2,59.00022521824576
884,D_41_max_round2,147.00065792206442
885,D_41_last_round2,282.0022179449443
886,B_3_mean_round2,443.0006188285188
887,B_3_std_round2,288.00061365112197
888,B_3_min_round2,238.00066641542747
889,B_3_max_round2,435.0027480707504
890,B_3_last_round2,649.0024274063762
891,D_43_mean_round2,493.0008928849129
892,D_43_std_round2,328.00080127618276
893,D_43_min_round2,426.00045752487495
894,D_43_max_round2,709.0006104397471
895,D_43_last_round2,634.0011538967956
896,D_44_mean_round2,478.0004640838954
897,D_44_std_round2,261.0007407036028
898,D_44_min_round2,94.00072258670116
899,D_44_max_round2,175.00049960933393
900,D_44_last_round2,263.0010674140649
901,B_4_mean_round2,476.00054565502796
902,B_4_std_round2,788.0009109803941
903,D_45_mean_round2,362.00092596077184
904,D_45_std_round2,47.00036043790169
905,D_45_min_round2,226.00065680907574
906,D_45_max_round2,458.0015681470977
907,D_45_last_round2,301.0007498873165
908,B_5_mean_round2,174.00052521948237
909,B_5_std_round2,117.00048355276746
910,B_5_min_round2,71.00046311103506
911,B_5_max_round2,276.00033972092206
912,B_5_last_round2,297.0010516664479
913,R_2_mean_round2,43.00043500016937
914,R_2_std_round2,25.00075945892604
915,D_46_mean_round2,484.00049307511654
916,D_46_std_round2,136.0005921483389
917,D_46_min_round2,405.0005550914211
918,D_46_max_round2,437.000616874313
919,D_46_last_round2,549.0005319957272
920,D_47_mean_round2,578.0007456960016
921,D_47_std_round2,96.00033431855263
922,D_47_min_round2,475.0007053001318
923,D_47_max_round2,438.0008118809201
924,D_47_last_round2,576.0007730271301
925,D_48_mean_round2,756.0006015875842
926,D_48_std_round2,312.00041891116416
927,D_48_min_round2,450.00059170136103
928,D_48_max_round2,603.0004720579309
929,D_48_last_round2,707.0020151944509
930,D_49_mean_round2,221.00169953308068
931,D_49_std_round2,185.00095271435566
932,B_6_mean_round2,215.00037738270476
933,B_6_std_round2,169.00051068305038
934,B_6_min_round2,111.00046607112745
935,B_6_max_round2,281.0003832744842
936,B_6_last_round2,268.00064706790727
937,B_8_mean_round2,38.00117481930647
938,B_8_std_round2,56.00058140116744
939,D_50_mean_round2,188.00116944790352
940,D_50_std_round2,56.00035086134449
941,D_50_min_round2,153.00050574704073
942,D_50_max_round2,204.00066151755163
943,D_50_last_round2,191.00048930442426
944,D_51_mean_round2,234.00114309451587
945,D_51_std_round2,146.00041178124957
946,B_9_mean_round2,578.0003974979045
947,B_9_std_round2,302.0004995605559
948,B_9_min_round2,293.0004708949418
949,B_9_max_round2,571.0005230318056
950,B_9_last_round2,623.0031123284716
951,R_3_mean_round2,729.0023319484312
952,R_3_std_round2,526.0005651403335
953,D_52_mean_round2,361.0006174877053
954,D_52_std_round2,113.00055935204728
955,D_52_min_round2,300.0006849808851
956,D_52_max_round2,329.0006765481246
957,D_52_last_round2,356.0004465629463
958,P_3_mean_round2,513.0004621288099
959,P_3_std_round2,344.00034716914524
960,P_3_min_round2,663.0004561849055
961,P_3_max_round2,460.00040690990863
962,P_3_last_round2,685.0004174248897
963,B_10_mean_round2,234.0007845369279
964,B_10_std_round2,204.0004602506524
965,B_10_min_round2,159.00046326575102
966,B_10_max_round2,302.0006096333382
967,B_10_last_round2,343.0004322687164
968,D_53_mean_round2,77.0006762627745
969,D_53_std_round2,56.000100098106486
970,D_53_min_round2,68.00060304143699
971,D_53_max_round2,95.0
972,D_53_last_round2,114.00027733499883
973,S_5_mean_round2,248.00048953515943
974,S_5_std_round2,217.00064689299325
975,S_5_min_round2,140.00054378493223
976,S_5_max_round2,342.0007395709981
977,S_5_last_round2,272.00057433964685
978,S_6_mean_round2,87.00080641137902
979,S_6_std_round2,78.00060106586898
980,D_54_mean_round2,64.00042968205526
981,D_54_std_round2,17.001120923669077
982,D_54_min_round2,17.000798826746177
983,D_54_max_round2,16.0
984,D_54_last_round2,79.00116669677664
985,R_4_mean_round2,16.00032497086795
986,R_4_std_round2,9.0
987,S_7_mean_round2,518.0011787242256
988,S_7_std_round2,342.00053171039326
989,S_7_min_round2,339.000414491602
990,S_7_max_round2,575.0005902496632
991,S_7_last_round2,493.0006992248818
992,B_12_mean_round2,80.00051038694801
993,B_12_std_round2,62.00046418327838
994,B_12_min_round2,74.00028079916956
995,B_12_max_round2,160.0008274631109
996,B_12_last_round2,120.0004080622457
997,S_8_mean_round2,447.00066517630984
998,S_8_std_round2,340.0004301495501
999,S_8_min_round2,141.00068808579817
1000,S_8_max_round2,443.00070255965693
1001,S_8_last_round2,257.0008953564112
1002,D_56_mean_round2,207.00037700790563
1003,D_56_std_round2,112.00058458477724
1004,D_56_min_round2,225.00036671481212
1005,D_56_max_round2,204.00068274646765
1006,D_56_last_round2,231.00047987827566
1007,B_13_mean_round2,163.00049094716087
1008,B_13_std_round2,95.00039357328205
1009,B_13_min_round2,109.00033219496254
1010,B_13_max_round2,128.00050224730512
1011,B_13_last_round2,184.00042116336408
1012,R_5_mean_round2,57.0006082172622
1013,R_5_std_round2,34.000627356697805
1014,R_5_min_round2,4.0
1015,R_5_max_round2,15.0
1016,R_5_last_round2,54.001825390034355
1017,S_9_mean_round2,170.0004659073602
1018,S_9_std_round2,153.00060430855956
1019,S_9_min_round2,96.00042910690536
1020,S_9_max_round2,356.0007695873501
1021,S_9_last_round2,212.00076619896572
1022,D_59_mean_round2,619.0003687030403
1023,D_59_std_round2,497.0008284117258
1024,D_60_mean_round2,467.00051719206385
1025,D_60_std_round2,324.00040741678094
1026,D_60_min_round2,310.0007210718468
1027,D_60_max_round2,299.0006169512635
1028,D_60_last_round2,436.0006177956028
1029,B_15_mean_round2,94.00120981875807
1030,B_15_std_round2,51.00038341843174
1031,B_15_min_round2,77.0004907976836
1032,B_15_max_round2,95.00141197745688
1033,B_15_last_round2,92.00064333877526
1034,S_11_mean_round2,486.0005859519006
1035,S_11_std_round2,445.0003906098136
1036,S_11_min_round2,492.0004420139594
1037,S_11_max_round2,560.0004199386167
1038,S_11_last_round2,537.0004872793506
1039,D_65_mean_round2,165.00253036059613
1040,D_65_std_round2,153.0010199464159
1041,B_17_mean_round2,434.00048613597755
1042,B_17_std_round2,269.00039670910337
1043,B_17_min_round2,202.00055601919303
1044,B_17_max_round2,71.00036629994538
1045,B_17_last_round2,301.00031628870056
1046,B_19_mean_round2,254.00035889164428
1047,B_19_std_round2,254.00054902362172
1048,B_19_min_round2,122.0005173595273
1049,B_19_max_round2,154.00059259141563
1050,B_19_last_round2,191.0005874769995
1051,B_20_mean_round2,236.00053265457973
1052,B_20_std_round2,502.0005518546677
1053,S_12_mean_round2,292.0005848018918
1054,S_12_std_round2,378.000566616538
1055,S_12_min_round2,277.00044400570914
1056,S_12_max_round2,308.00047537038336
1057,S_12_last_round2,371.0004408719542
1058,R_6_mean_round2,103.0004787609796
1059,R_6_std_round2,72.00038578436943
1060,R_6_min_round2,3.000506430689711
1061,R_6_max_round2,89.00047217484098
1062,R_6_last_round2,76.00043864393956
1063,S_13_mean_round2,260.0005278005847
1064,S_13_std_round2,273.0004852945567
1065,S_13_min_round2,46.0003131677513
1066,S_13_max_round2,119.00032534633647
1067,S_13_last_round2,179.0005273578572
1068,B_21_mean_round2,87.00041056369082
1069,B_21_std_round2,79.00152072275523
1070,B_21_min_round2,5.0
1071,B_21_max_round2,84.0
1072,B_21_last_round2,55.00008907371375
1073,D_69_mean_round2,120.00052267574938
1074,D_69_std_round2,63.000568250892684
1075,D_69_min_round2,15.00047076412011
1076,D_69_max_round2,93.00065430725226
1077,D_69_last_round2,101.00058438436827
1078,B_22_mean_round2,230.00071224337444
1079,B_22_std_round2,177.0003313254856
1080,D_70_mean_round2,356.00039766562986
1081,D_70_std_round2,404.00067034194944
1082,D_71_mean_round2,99.00046848302009
1083,D_71_std_round2,62.00041163267451
1084,D_71_min_round2,116.00028526640381
1085,D_71_max_round2,147.00035253711394
1086,D_71_last_round2,212.0004522150848
1087,D_72_mean_round2,103.00060790556017
1088,D_72_std_round2,82.00065594044281
1089,S_15_mean_round2,681.0008081019652
1090,S_15_std_round2,785.0004237836401
1091,B_23_mean_round2,387.00058916048147
1092,B_23_std_round2,394.0005570027861
1093,B_23_min_round2,345.0005051760818
1094,B_23_max_round2,625.0005642315373
1095,B_23_last_round2,624.0006080332946
1096,P_4_mean_round2,79.00042974765529
1097,P_4_std_round2,110.00071859156014
1098,P_4_min_round2,12.0
1099,P_4_max_round2,101.00047302397434
1100,P_4_last_round2,86.00059801497264
1101,D_75_mean_round2,577.0004653852957
1102,D_75_std_round2,542.0007248469628
1103,B_24_mean_round2,80.00087348301895
1104,B_24_std_round2,59.00037913018605
1105,B_24_min_round2,11.0
1106,B_24_max_round2,47.00029828908737
1107,B_24_last_round2,112.00054057885427
1108,R_7_mean_round2,85.00081016484182
1109,R_7_std_round2,56.0
1110,R_7_min_round2,2.0
1111,R_7_max_round2,57.00013553989993
1112,R_7_last_round2,84.00043121800991
1113,D_77_mean_round2,418.00057012366597
1114,D_77_std_round2,249.0004494500754
1115,D_77_min_round2,190.0008831519517
1116,D_77_max_round2,229.00048477944802
1117,D_77_last_round2,276.00048455179785
1118,B_25_mean_round2,279.00037545664236
1119,B_25_std_round2,142.00031230505556
1120,B_25_min_round2,231.0005708312383
1121,B_25_max_round2,302.00031734007644
1122,B_25_last_round2,325.000672803435
1123,B_26_mean_round2,94.00075385521632
1124,B_26_std_round2,99.00111141579691
1125,B_26_min_round2,9.000225842828513
1126,B_26_max_round2,128.00094184902264
1127,B_26_last_round2,110.00062411470572
1128,D_78_mean_round2,155.00052414136007
1129,D_78_std_round2,115.00042030442273
1130,R_8_mean_round2,27.0
1131,R_8_std_round2,33.0
1132,S_16_mean_round2,66.00026326824445
1133,S_16_std_round2,55.00027575183776
1134,S_16_min_round2,6.0
1135,S_16_max_round2,56.00110225437675
1136,S_16_last_round2,46.00022802289459
1137,D_80_mean_round2,276.00035466693225
1138,D_80_std_round2,255.00039641055628
1139,R_10_mean_round2,88.00058276345953
1140,R_10_std_round2,98.00029901656671
1141,R_11_mean_round2,239.00079687975813
1142,R_11_std_round2,209.00068977475166
1143,B_27_mean_round2,9.0
1144,B_27_std_round2,0.0
1145,B_27_min_round2,2.0
1146,B_27_max_round2,1.0
1147,B_27_last_round2,10.000508977856953
1148,D_81_mean_round2,30.001027945429087
1149,D_81_std_round2,45.0004962356179
1150,D_82_mean_round2,36.00028512233985
1151,D_82_std_round2,15.0
1152,D_82_min_round2,6.0
1153,D_82_max_round2,13.000588910537772
1154,D_82_last_round2,19.000452790409327
1155,S_17_mean_round2,156.00037756451638
1156,S_17_std_round2,117.00046947499504
1157,S_17_min_round2,20.0
1158,S_17_max_round2,156.0003925500787
1159,S_17_last_round2,97.00051727227401
1160,R_12_mean_round2,52.00040818907624
1161,R_12_std_round2,32.000312352291076
1162,R_12_min_round2,20.0
1163,R_12_max_round2,6.000352288334398
1164,R_12_last_round2,48.00019658653764
1165,B_28_mean_round2,283.00053815887077
1166,B_28_std_round2,144.00062691420317
1167,B_28_min_round2,247.00042995234253
1168,B_28_max_round2,358.0005599752185
1169,B_28_last_round2,373.0005370059516
1170,R_13_mean_round2,5.0
1171,R_13_std_round2,6.000181951851118
1172,D_83_mean_round2,108.00039476339589
1173,D_83_std_round2,107.00046338574612
1174,R_14_mean_round2,89.00041038528434
1175,R_14_std_round2,51.00064422673313
1176,R_14_min_round2,2.0
1177,R_14_max_round2,62.00098953361157
1178,R_14_last_round2,28.000063871491875
1179,R_15_mean_round2,52.0004733595124
1180,R_15_std_round2,25.000689401407726
1181,R_15_min_round2,1.0
1182,R_15_max_round2,15.000397207419155
1183,R_15_last_round2,22.000416237075115
1184,D_84_mean_round2,60.00042773952009
1185,D_84_std_round2,80.00041474521277
1186,R_16_mean_round2,235.0003843124141
1187,R_16_std_round2,188.0007379646413
1188,S_18_mean_round2,19.00084662582958
1189,S_18_std_round2,27.000416616443545
1190,D_86_mean_round2,11.0
1191,D_86_std_round2,5.0003724934358615
1192,R_17_mean_round2,3.0
1193,R_17_std_round2,5.0
1194,R_18_mean_round2,0.0
1195,R_18_std_round2,0.0
1196,B_31_mean_round2,4.0008342112996615
1197,B_31_std_round2,5.000809565652162
1198,S_19_mean_round2,17.000148323975736
1199,S_19_std_round2,2.0
1200,S_19_min_round2,3.0
1201,S_19_max_round2,7.0
1202,S_19_last_round2,17.000062549435825
1203,R_19_mean_round2,10.0
1204,R_19_std_round2,15.0
1205,B_32_mean_round2,85.00051910191542
1206,B_32_std_round2,47.00062913063448
1207,S_20_mean_round2,13.0
1208,S_20_std_round2,24.000288797920803
1209,R_20_mean_round2,24.00025655020727
1210,R_20_std_round2,22.000402484787628
1211,R_21_mean_round2,25.000668408931233
1212,R_21_std_round2,25.000287259288598
1213,B_33_mean_round2,130.00268165254965
1214,B_33_std_round2,85.00082415304752
1215,D_89_mean_round2,21.0
1216,D_89_std_round2,27.000922667386476
1217,R_22_mean_round2,16.000319574173773
1218,R_22_std_round2,11.000279374595266
1219,R_23_mean_round2,0.0
1220,R_23_std_round2,0.0
1221,D_91_mean_round2,101.00087029038696
1222,D_91_std_round2,144.00046127554378
1223,D_92_mean_round2,17.000330381124513
1224,D_92_std_round2,19.00054661364993
1225,D_93_mean_round2,10.0
1226,D_93_std_round2,2.0
1227,D_94_mean_round2,0.0
1228,D_94_std_round2,0.0002011890319408849
1229,R_24_mean_round2,13.0
1230,R_24_std_round2,13.0
1231,R_25_mean_round2,7.000846700859256
1232,R_25_std_round2,2.0
1233,D_96_mean_round2,19.000310378032736
1234,D_96_std_round2,14.000566273753066
1235,S_22_mean_round2,256.0005370542058
1236,S_22_std_round2,214.0004912521108
1237,S_22_min_round2,223.00051058456302
1238,S_22_max_round2,168.00040435080882
1239,S_22_last_round2,285.00040740089025
1240,S_23_mean_round2,308.00053902261425
1241,S_23_std_round2,265.0007317447453
1242,S_23_min_round2,119.0004538607318
1243,S_23_max_round2,214.0006169687258
1244,S_23_last_round2,226.00181070707606
1245,S_24_mean_round2,235.00066202192102
1246,S_24_std_round2,216.00046602264047
1247,S_24_min_round2,210.00040973737487
1248,S_24_max_round2,186.00061443116283
1249,S_24_last_round2,283.0003536407021
1250,S_25_mean_round2,294.00041451724246
1251,S_25_std_round2,204.0003887769126
1252,S_25_min_round2,241.00073819147656
1253,S_25_max_round2,66.00038898832281
1254,S_25_last_round2,190.00033279284253
1255,S_26_mean_round2,114.0003887473431
1256,S_26_std_round2,85.0003394081723
1257,S_26_min_round2,28.00038834879524
1258,S_26_max_round2,159.00047862992506
1259,S_26_last_round2,144.0005739540793
1260,D_102_mean_round2,326.0004136824282
1261,D_102_std_round2,258.0004270694335
1262,D_102_min_round2,144.0004128825094
1263,D_102_max_round2,366.00055659137433
1264,D_102_last_round2,323.0004347121576
1265,D_104_mean_round2,103.00058381515555
1266,D_104_std_round2,124.00028055356233
1267,D_104_min_round2,42.00033240558696
1268,D_104_max_round2,62.00070590287214
1269,D_104_last_round2,83.00046042152098
1270,D_105_mean_round2,367.00044805466314
1271,D_105_std_round2,209.0004788514052
1272,D_105_min_round2,317.0004349394003
1273,D_105_max_round2,328.00065634446634
1274,D_105_last_round2,367.0004659277911
1275,B_36_mean_round2,76.00067718484206
1276,B_36_std_round2,25.000447780417744
1277,B_36_min_round2,11.00039816609933
1278,B_36_max_round2,31.000892637006473
1279,B_36_last_round2,54.00101220305078
1280,B_37_mean_round2,375.0005584215978
1281,B_37_std_round2,278.00045370447333
1282,B_37_min_round2,269.00040866440605
1283,B_37_max_round2,461.00066312000854
1284,B_37_last_round2,691.0122969392687
1285,R_27_mean_round2,79.00035327192745
1286,R_27_std_round2,17.0
1287,R_27_min_round2,46.001140374690294
1288,R_27_max_round2,88.00187378656119
1289,R_27_last_round2,53.000675884017255
1290,D_109_mean_round2,7.000251000135904
1291,D_109_std_round2,0.0
1292,D_109_min_round2,4.0
1293,D_109_max_round2,1.0
1294,D_109_last_round2,7.000103415550257
1295,D_111_mean_round2,32.0022074370645
1296,D_111_std_round2,14.001053719894504
1297,D_112_mean_round2,139.00053949118592
1298,D_112_std_round2,106.00041953849723
1299,D_112_min_round2,29.000577088736463
1300,D_112_max_round2,4.0
1301,D_112_last_round2,72.00121307431255
1302,B_40_mean_round2,391.0004195809306
1303,B_40_std_round2,390.00043367160833
1304,B_40_min_round2,348.00046666673734
1305,B_40_max_round2,701.0003877316194
1306,B_40_last_round2,452.0004297605483
1307,S_27_mean_round2,453.00041350419633
1308,S_27_std_round2,438.0003620010684
1309,S_27_min_round2,162.0008192732348
1310,S_27_max_round2,366.0005168346688
1311,S_27_last_round2,346.0004151046742
1312,D_113_mean_round2,334.0005449045566
1313,D_113_std_round2,150.0005032272311
1314,D_113_min_round2,60.000568915507756
1315,D_113_max_round2,91.00004140094461
1316,D_113_last_round2,124.00047936182818
1317,D_119_mean_round2,527.0005003548576
1318,D_119_std_round2,232.00041700381553
1319,D_119_min_round2,523.0005607749463
1320,D_119_max_round2,396.0005527588073
1321,D_119_last_round2,456.0004940700601
1322,D_121_mean_round2,518.0006201616488
1323,D_121_std_round2,126.00045755179599
1324,D_121_min_round2,712.0004096516641
1325,D_121_max_round2,496.0004577841508
1326,D_121_last_round2,560.0004245754099
1327,D_122_mean_round2,574.0005359767238
1328,D_122_std_round2,242.00039836985525
1329,D_123_mean_round2,131.00041516884812
1330,D_123_std_round2,48.00026916497154
1331,D_123_min_round2,5.0
1332,D_123_max_round2,20.0
1333,D_123_last_round2,26.00019892952696
1334,D_124_mean_round2,646.000569456548
1335,D_124_std_round2,335.0005898439558
1336,D_125_mean_round2,155.00069909001468
1337,D_125_std_round2,87.00069588294718
1338,D_125_min_round2,2.0007027194369584
1339,D_125_max_round2,21.0
1340,D_125_last_round2,35.00038903605309
1341,D_127_mean_round2,33.00052594667068
1342,D_127_std_round2,17.00029780008481
1343,D_127_min_round2,2.000625384156592
1344,D_127_max_round2,7.0
1345,D_127_last_round2,9.000719911011402
1346,D_128_mean_round2,153.00062229990726
1347,D_128_std_round2,83.00046783540165
1348,D_128_min_round2,11.0
1349,D_128_max_round2,31.0
1350,D_128_last_round2,54.000400946242735
1351,D_129_mean_round2,153.00087567133596
1352,D_129_std_round2,61.000456819921965
1353,D_129_min_round2,31.0
1354,D_129_max_round2,15.0
1355,D_129_last_round2,59.000633785908576
1356,B_41_mean_round2,53.00028638425283
1357,B_41_std_round2,43.00055583007634
1358,B_41_min_round2,3.0
1359,B_41_max_round2,20.00070637295721
1360,B_41_last_round2,36.000436563335825
1361,D_130_mean_round2,98.0004533911997
1362,D_130_std_round2,69.00232842075638
1363,D_130_min_round2,19.000754192704335
1364,D_130_max_round2,12.000390344590414
1365,D_130_last_round2,50.00029219157295
1366,D_131_mean_round2,135.00038029928692
1367,D_131_std_round2,99.00080686731962
1368,D_131_min_round2,32.00015937934222
1369,D_131_max_round2,58.00178377411794
1370,D_131_last_round2,80.00038949286682
1371,D_133_mean_round2,210.0004541465314
1372,D_133_std_round2,159.0003850494977
1373,D_133_min_round2,59.00036307706614
1374,D_133_max_round2,163.00049004919128
1375,D_133_last_round2,189.00043683839613
1376,R_28_mean_round2,14.000359896890586
1377,R_28_std_round2,1.0002290737174917
1378,R_28_min_round2,1.0
1379,R_28_max_round2,7.0
1380,R_28_last_round2,16.000340524304193
1381,D_140_mean_round2,86.00060690083774
1382,D_140_std_round2,31.000168025304447
1383,D_140_min_round2,19.00108115724288
1384,D_140_max_round2,19.0
1385,D_140_last_round2,48.0
1386,D_143_mean_round2,80.00044607304153
1387,D_143_std_round2,39.00048562101438
1388,D_143_min_round2,5.0004539577057585
1389,D_143_max_round2,4.0
1390,D_143_last_round2,26.000536445877515
1391,D_144_mean_round2,116.00052691217003
1392,D_144_std_round2,92.00046214004396
1393,D_144_min_round2,98.00058162485948
1394,D_144_max_round2,103.00028229679447
1395,D_144_last_round2,157.00036999824806
1396,D_145_mean_round2,187.00032619893318
1397,D_145_std_round2,89.00021001083951
1398,D_145_min_round2,81.00035683179158
1399,D_145_max_round2,71.00080951262498
1400,D_145_last_round2,120.00025553052546
1401,P_2_diff1_round2,364.00046252526226
1402,D_39_diff1_round2,676.0005198324216
1403,R_1_diff1_round2,112.00035976539948
1404,S_3_diff1_round2,332.0004168456653
1405,D_41_diff1_round2,215.00060001161182
1406,B_3_diff1_round2,445.00050000619376
1407,D_43_diff1_round2,402.0004932648735
1408,D_44_diff1_round2,105.00045395808411
1409,B_4_diff1_round2,299.0004086761037
1410,D_45_diff1_round2,30.000440864212578
1411,B_5_diff1_round2,208.00040277687367
1412,R_2_diff1_round2,11.000027540536394
1413,D_46_diff1_round2,347.0004463203077
1414,D_47_diff1_round2,45.00052101741312
1415,D_48_diff1_round2,486.0005591981462
1416,D_49_diff1_round2,35.00063308951212
1417,B_6_diff1_round2,166.00045151845552
1418,B_8_diff1_round2,0.0
1419,D_50_diff1_round2,49.000421212636866
1420,D_51_diff1_round2,8.0
1421,B_9_diff1_round2,410.00055244541727
1422,R_3_diff1_round2,77.00042078222032
1423,D_52_diff1_round2,53.00030093561509
1424,P_3_diff1_round2,609.0003030222724
1425,B_10_diff1_round2,325.00045000144877
1426,D_53_diff1_round2,66.00043358464609
1427,S_5_diff1_round2,317.0005769325071
1428,S_6_diff1_round2,7.000265530572506
1429,D_54_diff1_round2,45.000338148500305
1430,R_4_diff1_round2,1.0
1431,S_7_diff1_round2,360.0004196400987
1432,B_12_diff1_round2,76.00036468973849
1433,S_8_diff1_round2,534.0005443797563
1434,D_56_diff1_round2,113.00035407366555
1435,B_13_diff1_round2,137.00042719492922
1436,R_5_diff1_round2,46.00043176545296
1437,S_9_diff1_round2,273.00056138361106
1438,D_59_diff1_round2,145.00053918396588
1439,D_60_diff1_round2,377.0003850440844
1440,B_15_diff1_round2,112.0001568019652
1441,S_11_diff1_round2,504.0004620279651
1442,D_65_diff1_round2,83.00038232209045
1443,B_17_diff1_round2,367.0004772389657
1444,B_19_diff1_round2,300.0005075504887
1445,B_20_diff1_round2,79.00043226598063
1446,S_12_diff1_round2,450.000496394583
1447,R_6_diff1_round2,81.00033561349846
1448,S_13_diff1_round2,381.00043469821685
1449,B_21_diff1_round2,77.00051990250358
1450,D_69_diff1_round2,60.00063457060605
1451,B_22_diff1_round2,15.00020233115356
1452,D_70_diff1_round2,53.00023857870838
1453,D_71_diff1_round2,86.00030459585832
1454,D_72_diff1_round2,1.0
1455,S_15_diff1_round2,153.0004835455038
1456,B_23_diff1_round2,509.00043644965626
1457,P_4_diff1_round2,65.00080892100232
1458,D_75_diff1_round2,58.0005977115361
1459,B_24_diff1_round2,81.000125651306
1460,R_7_diff1_round2,85.00036129113869
1461,D_77_diff1_round2,217.00033386360155
1462,B_25_diff1_round2,207.0004440121993
1463,B_26_diff1_round2,99.00035019867937
1464,D_78_diff1_round2,25.00041553308256
1465,R_8_diff1_round2,7.000189365251572
1466,S_16_diff1_round2,47.00054022629047
1467,D_80_diff1_round2,36.00010428727546
1468,R_10_diff1_round2,32.0
1469,R_11_diff1_round2,42.000441610696726
1470,B_27_diff1_round2,27.00011592872761
1471,D_81_diff1_round2,0.0005922165000811219
1472,D_82_diff1_round2,15.000713049259502
1473,S_17_diff1_round2,149.00035572019988
1474,R_12_diff1_round2,54.00047510213335
1475,B_28_diff1_round2,167.00062194711063
1476,R_13_diff1_round2,1.0000876522972248
1477,D_83_diff1_round2,2.0
1478,R_14_diff1_round2,53.0004804446653
1479,R_15_diff1_round2,52.00049255677732
1480,D_84_diff1_round2,7.000332752329996
1481,R_16_diff1_round2,52.00027586586657
1482,S_18_diff1_round2,1.0
1483,D_86_diff1_round2,0.0
1484,R_17_diff1_round2,0.0
1485,R_18_diff1_round2,0.0
1486,B_31_diff1_round2,1.0
1487,S_19_diff1_round2,31.000306007510517
1488,R_19_diff1_round2,1.0
1489,B_32_diff1_round2,1.0
1490,S_20_diff1_round2,1.0
1491,R_20_diff1_round2,4.000044990971219
1492,R_21_diff1_round2,0.0
1493,B_33_diff1_round2,6.000354315299774
1494,D_89_diff1_round2,1.000150998472236
1495,R_22_diff1_round2,2.000139628406032
1496,R_23_diff1_round2,0.0
1497,D_91_diff1_round2,0.0007677768007852137
1498,D_92_diff1_round2,1.0
1499,D_93_diff1_round2,0.0
1500,D_94_diff1_round2,0.0
1501,R_24_diff1_round2,1.0
1502,R_25_diff1_round2,0.0
1503,D_96_diff1_round2,0.0
1504,S_22_diff1_round2,253.0003461355227
1505,S_23_diff1_round2,193.0002769463942
1506,S_24_diff1_round2,228.00046911805524
1507,S_25_diff1_round2,229.00042170766392
1508,S_26_diff1_round2,139.000491618237
1509,D_102_diff1_round2,222.00036860679393
1510,D_104_diff1_round2,48.00019414482813
1511,D_105_diff1_round2,50.000352641392965
1512,B_36_diff1_round2,38.000239230066654
1513,B_37_diff1_round2,381.0005666173529
1514,R_27_diff1_round2,23.0
1515,D_109_diff1_round2,21.000454359455034
1516,D_111_diff1_round2,0.0
1517,D_112_diff1_round2,84.00030098727439
1518,B_40_diff1_round2,512.0005050444174
1519,S_27_diff1_round2,496.0003373079817
1520,D_113_diff1_round2,129.00029648124473
1521,D_119_diff1_round2,157.00025764585007
1522,D_121_diff1_round2,62.00043129367987
1523,D_122_diff1_round2,40.00042851443868
1524,D_123_diff1_round2,47.00022375606932
1525,D_124_diff1_round2,17.000480286602397
1526,D_125_diff1_round2,53.00030336531927
1527,D_127_diff1_round2,31.000446271849796
1528,D_128_diff1_round2,51.00045334605966
1529,D_129_diff1_round2,47.00024631773704
1530,B_41_diff1_round2,47.00067948969081
1531,D_130_diff1_round2,44.00053655530792
1532,D_131_diff1_round2,48.00028956585447
1533,D_133_diff1_round2,105.00032883006497
1534,R_28_diff1_round2,22.000244555383688
1535,D_140_diff1_round2,38.00034743905417
1536,D_143_diff1_round2,32.00041258789133
1537,D_144_diff1_round2,60.00042648232193
1538,D_145_diff1_round2,38.000501283153426
1539,P_2_last_mean_diff,1087.0004858632456
1540,D_39_last_mean_diff,1003.002394023538
1541,R_1_last_mean_diff,786.0006409578491
1542,S_3_last_mean_diff,1178.000505415781
1543,D_41_last_mean_diff,1204.0047895351377
1544,B_3_last_mean_diff,840.0017911018499
1545,D_43_last_mean_diff,1064.000556086714
1546,D_44_last_mean_diff,1277.0023502820236
1547,B_4_last_mean_diff,888.0075385745633
1548,D_45_last_mean_diff,895.0005072887288
1549,B_5_last_mean_diff,871.0004792867112
1550,R_2_last_mean_diff,85.00098502100445
1551,D_46_last_mean_diff,919.0005919071962
1552,D_47_last_mean_diff,1054.0004647918977
1553,D_48_last_mean_diff,1076.0006104160566
1554,D_49_last_mean_diff,366.00304577402994
1555,B_6_last_mean_diff,933.0004965590779
1556,B_8_last_mean_diff,78.00038744619815
1557,D_50_last_mean_diff,525.0005075316876
1558,D_51_last_mean_diff,234.00045730287093
1559,B_9_last_mean_diff,992.0006998732547
1560,R_3_last_mean_diff,726.0004873333673
1561,D_52_last_mean_diff,1107.0005331394866
1562,P_3_last_mean_diff,910.0005251913099
1563,B_10_last_mean_diff,949.0005099201808
1564,D_53_last_mean_diff,526.0005675742286
1565,S_5_last_mean_diff,792.0005331943976
1566,S_6_last_mean_diff,353.00051460659597
1567,D_54_last_mean_diff,1156.0004738036077
1568,R_4_last_mean_diff,42.00032436600304
1569,S_7_last_mean_diff,1107.0005214309786
1570,B_12_last_mean_diff,1053.0004256068787
1571,S_8_last_mean_diff,700.0004326482886
1572,D_56_last_mean_diff,447.000481497118
1573,B_13_last_mean_diff,917.0004657369864
1574,R_5_last_mean_diff,905.0005123352166
1575,S_9_last_mean_diff,894.0004557806242
1576,D_59_last_mean_diff,672.0007304576861
1577,D_60_last_mean_diff,976.0004752467503
1578,B_15_last_mean_diff,1049.0005173243699
1579,S_11_last_mean_diff,943.0006260311184
1580,D_65_last_mean_diff,242.00055955868447
1581,B_17_last_mean_diff,813.0004754974507
1582,B_19_last_mean_diff,1091.0004807198711
1583,B_20_last_mean_diff,685.0006322710377
1584,S_12_last_mean_diff,896.0005083881551
1585,R_6_last_mean_diff,919.0004392881237
1586,S_13_last_mean_diff,951.0005197659484
1587,B_21_last_mean_diff,1166.0005063574063
1588,D_69_last_mean_diff,1161.0004595858336
1589,B_22_last_mean_diff,411.0005569564528
1590,D_70_last_mean_diff,692.0004543980758
1591,D_71_last_mean_diff,958.0006141867932
1592,D_72_last_mean_diff,149.00040812778752
1593,S_15_last_mean_diff,827.0004739481083
1594,B_23_last_mean_diff,972.0006364156361
1595,P_4_last_mean_diff,976.0004387113731
1596,D_75_last_mean_diff,761.0005097643007
1597,B_24_last_mean_diff,941.0005023703561
1598,R_7_last_mean_diff,926.0005988243124
1599,D_77_last_mean_diff,840.0005913641405
1600,B_25_last_mean_diff,797.0005273894058
1601,B_26_last_mean_diff,861.0005232705153
1602,D_78_last_mean_diff,386.00043975838344
1603,R_8_last_mean_diff,47.00043804393499
1604,S_16_last_mean_diff,974.0004872194841
1605,D_80_last_mean_diff,637.0005381748522
1606,R_10_last_mean_diff,250.00041019899072
1607,R_11_last_mean_diff,404.00056872627465
1608,B_27_last_mean_diff,862.000446195656
1609,D_81_last_mean_diff,77.00043564019143
1610,D_82_last_mean_diff,405.0004333165416
1611,S_17_last_mean_diff,781.0004197610542
1612,R_12_last_mean_diff,948.0004863413051
1613,B_28_last_mean_diff,833.0004850139376
1614,R_13_last_mean_diff,6.000396788702346
1615,D_83_last_mean_diff,163.00072870519944
1616,R_14_last_mean_diff,1085.0005700840136
1617,R_15_last_mean_diff,942.0004867438984
1618,D_84_last_mean_diff,140.0004463933583
1619,R_16_last_mean_diff,340.0004853888531
1620,S_18_last_mean_diff,10.000461374846054
1621,D_86_last_mean_diff,4.00040794009692
1622,R_17_last_mean_diff,5.000364992505638
1623,R_18_last_mean_diff,0.0
1624,B_31_last_mean_diff,11.00052106298972
1625,S_19_last_mean_diff,1049.0004611384938
1626,R_19_last_mean_diff,20.000363914616173
1627,B_32_last_mean_diff,105.00039837727672
1628,S_20_last_mean_diff,23.000395684299292
1629,R_20_last_mean_diff,42.000435871304944
1630,R_21_last_mean_diff,47.000471126521006
1631,B_33_last_mean_diff,301.0005621187156
1632,D_89_last_mean_diff,32.00052731583128
1633,R_22_last_mean_diff,15.000293832155876
1634,R_23_last_mean_diff,0.0
1635,D_91_last_mean_diff,195.00048351147657
1636,D_92_last_mean_diff,38.00044788996456
1637,D_93_last_mean_diff,6.000113906331535
1638,D_94_last_mean_diff,11.0
1639,R_24_last_mean_diff,30.000493717438076
1640,R_25_last_mean_diff,11.00084749457892
1641,D_96_last_mean_diff,12.000380270008463
1642,S_22_last_mean_diff,897.0005686014861
1643,S_23_last_mean_diff,980.000566819217
1644,S_24_last_mean_diff,980.0005610381486
1645,S_25_last_mean_diff,978.0005941541892
1646,S_26_last_mean_diff,1013.0004388345405
1647,D_102_last_mean_diff,961.0004539102083
1648,D_104_last_mean_diff,993.0004513916501
1649,D_105_last_mean_diff,647.000441380078
1650,B_36_last_mean_diff,1106.0005334264133
1651,B_37_last_mean_diff,999.0015444578812
1652,R_27_last_mean_diff,982.0004266836622
1653,D_109_last_mean_diff,1091.0004791659885
1654,D_111_last_mean_diff,17.00050014007138
1655,D_112_last_mean_diff,1332.000551377656
1656,B_40_last_mean_diff,981.000495123677
1657,S_27_last_mean_diff,923.0004840417241
1658,D_113_last_mean_diff,895.0004637160746
1659,D_119_last_mean_diff,886.0004868502438
1660,D_121_last_mean_diff,987.000449907413
1661,D_122_last_mean_diff,421.0004019946791
1662,D_123_last_mean_diff,1004.0005003430415
1663,D_124_last_mean_diff,550.0004536475462
1664,D_125_last_mean_diff,1026.000501757837
1665,D_127_last_mean_diff,1196.0004606102593
1666,D_128_last_mean_diff,919.0004681240825
1667,D_129_last_mean_diff,980.0004985958221
1668,B_41_last_mean_diff,1066.0004640030675
1669,D_130_last_mean_diff,968.000504252268
1670,D_131_last_mean_diff,820.0005670842947
1671,D_133_last_mean_diff,1134.0005039305543
1672,R_28_last_mean_diff,1270.0004591432225
1673,D_140_last_mean_diff,1107.0004514800385
1674,D_143_last_mean_diff,1034.0004590442986
1675,D_144_last_mean_diff,962.0004703179002
1676,D_145_last_mean_diff,934.0004558420915
